date,high,low,Months,Year,City,datee
1,24°,3°,January,2020,Islamabad,01-Jan-20
2,17°,5°,January,2020,Islamabad,02-Jan-20
3,15°,6°,January,2020,Islamabad,03-Jan-20
4,17°,6°,January,2020,Islamabad,04-Jan-20
5,12°,4°,January,2020,Islamabad,05-Jan-20
6,10°,4°,January,2020,Islamabad,06-Jan-20
7,11°,7°,January,2020,Islamabad,07-Jan-20
8,8°,5°,January,2020,Islamabad,08-Jan-20
9,16°,2°,January,2020,Islamabad,09-Jan-20
10,17°,3°,January,2020,Islamabad,10-Jan-20
11,13°,4°,January,2020,Islamabad,11-Jan-20
12,14°,7°,January,2020,Islamabad,12-Jan-20
13,11°,8°,January,2020,Islamabad,13-Jan-20
14,14°,5°,January,2020,Islamabad,14-Jan-20
15,15°,5°,January,2020,Islamabad,15-Jan-20
16,19°,5°,January,2020,Islamabad,16-Jan-20
17,18°,6°,January,2020,Islamabad,17-Jan-20
18,17°,6°,January,2020,Islamabad,18-Jan-20
19,16°,3°,January,2020,Islamabad,19-Jan-20
20,17°,7°,January,2020,Islamabad,20-Jan-20
21,11°,6°,January,2020,Islamabad,21-Jan-20
22,30°,4°,January,2020,Islamabad,22-Jan-20
23,18°,3°,January,2020,Islamabad,23-Jan-20
24,19°,3°,January,2020,Islamabad,24-Jan-20
25,16°,4°,January,2020,Islamabad,25-Jan-20
26,21°,4°,January,2020,Islamabad,26-Jan-20
27,18°,4°,January,2020,Islamabad,27-Jan-20
28,11°,5°,January,2020,Islamabad,28-Jan-20
29,12°,8°,January,2020,Islamabad,29-Jan-20
30,17°,5°,January,2020,Islamabad,30-Jan-20
31,18°,5°,January,2020,Islamabad,31-Jan-20
1,19°,6°,February,2020,Islamabad,01-Feb-20
2,18°,7°,February,2020,Islamabad,02-Feb-20
3,20°,4°,February,2020,Islamabad,03-Feb-20
4,15°,5°,February,2020,Islamabad,04-Feb-20
5,18°,3°,February,2020,Islamabad,05-Feb-20
6,17°,3°,February,2020,Islamabad,06-Feb-20
7,19°,4°,February,2020,Islamabad,07-Feb-20
8,20°,4°,February,2020,Islamabad,08-Feb-20
9,20°,4°,February,2020,Islamabad,09-Feb-20
10,22°,5°,February,2020,Islamabad,10-Feb-20
11,19°,9°,February,2020,Islamabad,11-Feb-20
12,19°,12°,February,2020,Islamabad,12-Feb-20
13,22°,11°,February,2020,Islamabad,13-Feb-20
14,23°,12°,February,2020,Islamabad,14-Feb-20
15,23°,10°,February,2020,Islamabad,15-Feb-20
16,24°,9°,February,2020,Islamabad,16-Feb-20
17,25°,8°,February,2020,Islamabad,17-Feb-20
18,27°,7°,February,2020,Islamabad,18-Feb-20
19,21°,11°,February,2020,Islamabad,19-Feb-20
20,18°,11°,February,2020,Islamabad,20-Feb-20
21,22°,8°,February,2020,Islamabad,21-Feb-20
22,22°,9°,February,2020,Islamabad,22-Feb-20
23,25°,9°,February,2020,Islamabad,23-Feb-20
24,25°,10°,February,2020,Islamabad,24-Feb-20
25,25°,10°,February,2020,Islamabad,25-Feb-20
26,26°,10°,February,2020,Islamabad,26-Feb-20
27,26°,11°,February,2020,Islamabad,27-Feb-20
28,19°,13°,February,2020,Islamabad,28-Feb-20
29,16°,10°,February,2020,Islamabad,29-Feb-20
1,23°,10°,March,2020,Islamabad,01-Mar-20
2,25°,10°,March,2020,Islamabad,02-Mar-20
3,25°,11°,March,2020,Islamabad,03-Mar-20
4,22°,12°,March,2020,Islamabad,04-Mar-20
5,14°,12°,March,2020,Islamabad,05-Mar-20
6,15°,11°,March,2020,Islamabad,06-Mar-20
7,14°,10°,March,2020,Islamabad,07-Mar-20
8,15°,10°,March,2020,Islamabad,08-Mar-20
9,21°,8°,March,2020,Islamabad,09-Mar-20
10,23°,8°,March,2020,Islamabad,10-Mar-20
11,23°,10°,March,2020,Islamabad,11-Mar-20
12,20°,12°,March,2020,Islamabad,12-Mar-20
13,20°,10°,March,2020,Islamabad,13-Mar-20
14,22°,11°,March,2020,Islamabad,14-Mar-20
15,24°,11°,March,2020,Islamabad,15-Mar-20
16,25°,11°,March,2020,Islamabad,16-Mar-20
17,27°,12°,March,2020,Islamabad,17-Mar-20
18,27°,14°,March,2020,Islamabad,18-Mar-20
19,28°,13°,March,2020,Islamabad,19-Mar-20
20,27°,14°,March,2020,Islamabad,20-Mar-20
21,24°,16°,March,2020,Islamabad,21-Mar-20
22,26°,13°,March,2020,Islamabad,22-Mar-20
23,26°,15°,March,2020,Islamabad,23-Mar-20
24,20°,15°,March,2020,Islamabad,24-Mar-20
25,24°,15°,March,2020,Islamabad,25-Mar-20
26,25°,15°,March,2020,Islamabad,26-Mar-20
27,18°,13°,March,2020,Islamabad,27-Mar-20
28,21°,13°,March,2020,Islamabad,28-Mar-20
29,25°,12°,March,2020,Islamabad,29-Mar-20
30,22°,14°,March,2020,Islamabad,30-Mar-20
31,22°,15°,March,2020,Islamabad,31-Mar-20
1,24°,15°,April,2020,Islamabad,01-Apr-20
2,23°,12°,April,2020,Islamabad,02-Apr-20
3,24°,13°,April,2020,Islamabad,03-Apr-20
4,29°,13°,April,2020,Islamabad,04-Apr-20
5,27°,15°,April,2020,Islamabad,05-Apr-20
6,27°,14°,April,2020,Islamabad,06-Apr-20
7,24°,17°,April,2020,Islamabad,07-Apr-20
8,28°,14°,April,2020,Islamabad,08-Apr-20
9,29°,15°,April,2020,Islamabad,09-Apr-20
10,29°,15°,April,2020,Islamabad,10-Apr-20
11,30°,19°,April,2020,Islamabad,11-Apr-20
12,32°,17°,April,2020,Islamabad,12-Apr-20
13,32°,19°,April,2020,Islamabad,13-Apr-20
14,32°,21°,April,2020,Islamabad,14-Apr-20
15,30°,21°,April,2020,Islamabad,15-Apr-20
16,24°,19°,April,2020,Islamabad,16-Apr-20
17,24°,18°,April,2020,Islamabad,17-Apr-20
18,21°,16°,April,2020,Islamabad,18-Apr-20
19,27°,15°,April,2020,Islamabad,19-Apr-20
20,29°,16°,April,2020,Islamabad,20-Apr-20
21,25°,18°,April,2020,Islamabad,21-Apr-20
22,31°,17°,April,2020,Islamabad,22-Apr-20
23,32°,18°,April,2020,Islamabad,23-Apr-20
24,34°,19°,April,2020,Islamabad,24-Apr-20
25,34°,19°,April,2020,Islamabad,25-Apr-20
26,32°,18°,April,2020,Islamabad,26-Apr-20
27,28°,20°,April,2020,Islamabad,27-Apr-20
28,30°,19°,April,2020,Islamabad,28-Apr-20
29,32°,19°,April,2020,Islamabad,29-Apr-20
30,34°,21°,April,2020,Islamabad,30-Apr-20
1,36°,21°,May,2020,Islamabad,01-May-20
2,35°,23°,May,2020,Islamabad,02-May-20
3,27°,18°,May,2020,Islamabad,03-May-20
4,31°,18°,May,2020,Islamabad,04-May-20
5,28°,17°,May,2020,Islamabad,05-May-20
6,32°,18°,May,2020,Islamabad,06-May-20
7,33°,20°,May,2020,Islamabad,07-May-20
8,35°,20°,May,2020,Islamabad,08-May-20
9,36°,24°,May,2020,Islamabad,09-May-20
10,35°,20°,May,2020,Islamabad,10-May-20
11,32°,19°,May,2020,Islamabad,11-May-20
12,32°,18°,May,2020,Islamabad,12-May-20
13,34°,23°,May,2020,Islamabad,13-May-20
14,27°,18°,May,2020,Islamabad,14-May-20
15,29°,16°,May,2020,Islamabad,15-May-20
16,33°,20°,May,2020,Islamabad,16-May-20
17,35°,19°,May,2020,Islamabad,17-May-20
18,33°,20°,May,2020,Islamabad,18-May-20
19,32°,22°,May,2020,Islamabad,19-May-20
20,35°,19°,May,2020,Islamabad,20-May-20
21,36°,21°,May,2020,Islamabad,21-May-20
22,38°,23°,May,2020,Islamabad,22-May-20
23,33°,27°,May,2020,Islamabad,23-May-20
24,37°,24°,May,2020,Islamabad,24-May-20
25,39°,24°,May,2020,Islamabad,25-May-20
26,40°,24°,May,2020,Islamabad,26-May-20
27,40°,25°,May,2020,Islamabad,27-May-20
28,38°,25°,May,2020,Islamabad,28-May-20
29,34°,25°,May,2020,Islamabad,29-May-20
30,26°,20°,May,2020,Islamabad,30-May-20
31,29°,20°,May,2020,Islamabad,31-May-20
1,30°,20°,June,2020,Islamabad,01-Jun-20
2,29°,23°,June,2020,Islamabad,02-Jun-20
3,33°,21°,June,2020,Islamabad,03-Jun-20
4,34°,20°,June,2020,Islamabad,04-Jun-20
5,35°,23°,June,2020,Islamabad,05-Jun-20
6,31°,23°,June,2020,Islamabad,06-Jun-20
7,34°,24°,June,2020,Islamabad,07-Jun-20
8,36°,25°,June,2020,Islamabad,08-Jun-20
9,34°,25°,June,2020,Islamabad,09-Jun-20
10,36°,25°,June,2020,Islamabad,10-Jun-20
11,36°,26°,June,2020,Islamabad,11-Jun-20
12,36°,25°,June,2020,Islamabad,12-Jun-20
13,36°,23°,June,2020,Islamabad,13-Jun-20
14,38°,25°,June,2020,Islamabad,14-Jun-20
15,40°,26°,June,2020,Islamabad,15-Jun-20
16,40°,25°,June,2020,Islamabad,16-Jun-20
17,41°,26°,June,2020,Islamabad,17-Jun-20
18,41°,24°,June,2020,Islamabad,18-Jun-20
19,37°,26°,June,2020,Islamabad,19-Jun-20
20,40°,25°,June,2020,Islamabad,20-Jun-20
21,39°,27°,June,2020,Islamabad,21-Jun-20
22,39°,27°,June,2020,Islamabad,22-Jun-20
23,37°,25°,June,2020,Islamabad,23-Jun-20
24,34°,24°,June,2020,Islamabad,24-Jun-20
25,36°,23°,June,2020,Islamabad,25-Jun-20
26,33°,26°,June,2020,Islamabad,26-Jun-20
27,38°,26°,June,2020,Islamabad,27-Jun-20
28,38°,25°,June,2020,Islamabad,28-Jun-20
29,37°,23°,June,2020,Islamabad,29-Jun-20
30,39°,26°,June,2020,Islamabad,30-Jun-20
1,39°,29°,July,2020,Islamabad,01-Jul-20
2,41°,29°,July,2020,Islamabad,02-Jul-20
3,42°,27°,July,2020,Islamabad,03-Jul-20
4,32°,25°,July,2020,Islamabad,04-Jul-20
5,35°,19°,July,2020,Islamabad,05-Jul-20
6,37°,26°,July,2020,Islamabad,06-Jul-20
7,39°,27°,July,2020,Islamabad,07-Jul-20
8,37°,27°,July,2020,Islamabad,08-Jul-20
9,38°,28°,July,2020,Islamabad,09-Jul-20
10,35°,29°,July,2020,Islamabad,10-Jul-20
11,38°,27°,July,2020,Islamabad,11-Jul-20
12,35°,20°,July,2020,Islamabad,12-Jul-20
13,37°,26°,July,2020,Islamabad,13-Jul-20
14,39°,27°,July,2020,Islamabad,14-Jul-20
15,36°,27°,July,2020,Islamabad,15-Jul-20
16,37°,26°,July,2020,Islamabad,16-Jul-20
17,37°,28°,July,2020,Islamabad,17-Jul-20
18,38°,27°,July,2020,Islamabad,18-Jul-20
19,37°,27°,July,2020,Islamabad,19-Jul-20
20,35°,26°,July,2020,Islamabad,20-Jul-20
21,29°,21°,July,2020,Islamabad,21-Jul-20
22,35°,23°,July,2020,Islamabad,22-Jul-20
23,36°,21°,July,2020,Islamabad,23-Jul-20
24,37°,28°,July,2020,Islamabad,24-Jul-20
25,34°,23°,July,2020,Islamabad,25-Jul-20
26,33°,22°,July,2020,Islamabad,26-Jul-20
27,37°,27°,July,2020,Islamabad,27-Jul-20
28,39°,28°,July,2020,Islamabad,28-Jul-20
29,35°,22°,July,2020,Islamabad,29-Jul-20
30,33°,25°,July,2020,Islamabad,30-Jul-20
31,34°,27°,July,2020,Islamabad,31-Jul-20
1,34°,23°,August,2020,Islamabad,01-Aug-20
2,37°,27°,August,2020,Islamabad,02-Aug-20
3,37°,28°,August,2020,Islamabad,03-Aug-20
4,36°,26°,August,2020,Islamabad,04-Aug-20
5,38°,28°,August,2020,Islamabad,05-Aug-20
6,39°,28°,August,2020,Islamabad,06-Aug-20
7,37°,30°,August,2020,Islamabad,07-Aug-20
8,37°,31°,August,2020,Islamabad,08-Aug-20
9,32°,26°,August,2020,Islamabad,09-Aug-20
10,32°,27°,August,2020,Islamabad,10-Aug-20
11,36°,32°,August,2020,Islamabad,11-Aug-20
12,37°,26°,August,2020,Islamabad,12-Aug-20
13,34°,29°,August,2020,Islamabad,13-Aug-20
14,33°,24°,August,2020,Islamabad,14-Aug-20
15,35°,26°,August,2020,Islamabad,15-Aug-20
16,37°,28°,August,2020,Islamabad,16-Aug-20
17,36°,28°,August,2020,Islamabad,17-Aug-20
18,35°,24°,August,2020,Islamabad,18-Aug-20
19,32°,23°,August,2020,Islamabad,19-Aug-20
20,28°,23°,August,2020,Islamabad,20-Aug-20
21,31°,24°,August,2020,Islamabad,21-Aug-20
22,35°,25°,August,2020,Islamabad,22-Aug-20
23,35°,26°,August,2020,Islamabad,23-Aug-20
24,35°,27°,August,2020,Islamabad,24-Aug-20
25,31°,27°,August,2020,Islamabad,25-Aug-20
26,29°,24°,August,2020,Islamabad,26-Aug-20
27,26°,23°,August,2020,Islamabad,27-Aug-20
28,31°,23°,August,2020,Islamabad,28-Aug-20
29,32°,23°,August,2020,Islamabad,29-Aug-20
30,35°,22°,August,2020,Islamabad,30-Aug-20
31,29°,22°,August,2020,Islamabad,31-Aug-20
1,25°,23°,September,2020,Islamabad,01-Sep-20
2,30°,23°,September,2020,Islamabad,02-Sep-20
3,31°,24°,September,2020,Islamabad,03-Sep-20
4,31°,23°,September,2020,Islamabad,04-Sep-20
5,32°,22°,September,2020,Islamabad,05-Sep-20
6,34°,24°,September,2020,Islamabad,06-Sep-20
7,33°,22°,September,2020,Islamabad,07-Sep-20
8,34°,23°,September,2020,Islamabad,08-Sep-20
9,35°,23°,September,2020,Islamabad,09-Sep-20
10,35°,23°,September,2020,Islamabad,10-Sep-20
11,33°,24°,September,2020,Islamabad,11-Sep-20
12,35°,26°,September,2020,Islamabad,12-Sep-20
13,35°,25°,September,2020,Islamabad,13-Sep-20
14,36°,24°,September,2020,Islamabad,14-Sep-20
15,35°,25°,September,2020,Islamabad,15-Sep-20
16,36°,23°,September,2020,Islamabad,16-Sep-20
17,36°,23°,September,2020,Islamabad,17-Sep-20
18,37°,23°,September,2020,Islamabad,18-Sep-20
19,37°,19°,September,2020,Islamabad,19-Sep-20
20,37°,20°,September,2020,Islamabad,20-Sep-20
21,37°,20°,September,2020,Islamabad,21-Sep-20
22,36°,24°,September,2020,Islamabad,22-Sep-20
23,36°,23°,September,2020,Islamabad,23-Sep-20
24,35°,23°,September,2020,Islamabad,24-Sep-20
25,36°,23°,September,2020,Islamabad,25-Sep-20
26,33°,22°,September,2020,Islamabad,26-Sep-20
27,34°,16°,September,2020,Islamabad,27-Sep-20
28,33°,20°,September,2020,Islamabad,28-Sep-20
29,33°,21°,September,2020,Islamabad,29-Sep-20
30,34°,21°,September,2020,Islamabad,30-Sep-20
1,32°,20°,October ,2020,Islamabad,01-Oct-20
2,34°,18°,October ,2020,Islamabad,02-Oct-20
3,34°,18°,October ,2020,Islamabad,03-Oct-20
4,34°,18°,October ,2020,Islamabad,04-Oct-20
5,35°,17°,October ,2020,Islamabad,05-Oct-20
6,35°,17°,October ,2020,Islamabad,06-Oct-20
7,35°,17°,October ,2020,Islamabad,07-Oct-20
8,35°,20°,October ,2020,Islamabad,08-Oct-20
9,35°,19°,October ,2020,Islamabad,09-Oct-20
10,34°,18°,October ,2020,Islamabad,10-Oct-20
11,35°,17°,October ,2020,Islamabad,11-Oct-20
12,35°,19°,October ,2020,Islamabad,12-Oct-20
13,32°,14°,October ,2020,Islamabad,13-Oct-20
14,32°,16°,October ,2020,Islamabad,14-Oct-20
15,33°,16°,October ,2020,Islamabad,15-Oct-20
16,33°,15°,October ,2020,Islamabad,16-Oct-20
17,33°,17°,October ,2020,Islamabad,17-Oct-20
18,32°,16°,October ,2020,Islamabad,18-Oct-20
19,32°,15°,October ,2020,Islamabad,19-Oct-20
20,32°,18°,October ,2020,Islamabad,20-Oct-20
21,31°,15°,October ,2020,Islamabad,21-Oct-20
22,30°,16°,October ,2020,Islamabad,22-Oct-20
23,30°,14°,October ,2020,Islamabad,23-Oct-20
24,30°,14°,October ,2020,Islamabad,24-Oct-20
25,26°,15°,October ,2020,Islamabad,25-Oct-20
26,30°,12°,October ,2020,Islamabad,26-Oct-20
27,30°,15°,October ,2020,Islamabad,27-Oct-20
28,30°,11°,October ,2020,Islamabad,28-Oct-20
29,29°,16°,October ,2020,Islamabad,29-Oct-20
30,23°,13°,October ,2020,Islamabad,30-Oct-20
31,30°,11°,October ,2020,Islamabad,31-Oct-20
1,30°,12°,November,2020,Islamabad,01-Nov-20
2,30°,13°,November,2020,Islamabad,02-Nov-20
3,29°,16°,November,2020,Islamabad,03-Nov-20
4,29°,11°,November,2020,Islamabad,04-Nov-20
5,28°,10°,November,2020,Islamabad,05-Nov-20
6,28°,12°,November,2020,Islamabad,06-Nov-20
7,28°,10°,November,2020,Islamabad,07-Nov-20
8,27°,10°,November,2020,Islamabad,08-Nov-20
9,26°,10°,November,2020,Islamabad,09-Nov-20
10,27°,11°,November,2020,Islamabad,10-Nov-20
11,26°,10°,November,2020,Islamabad,11-Nov-20
12,22°,11°,November,2020,Islamabad,12-Nov-20
13,25°,10°,November,2020,Islamabad,13-Nov-20
14,23°,11°,November,2020,Islamabad,14-Nov-20
15,16°,11°,November,2020,Islamabad,15-Nov-20
16,20°,10°,November,2020,Islamabad,16-Nov-20
17,21°,8°,November,2020,Islamabad,17-Nov-20
18,23°,8°,November,2020,Islamabad,18-Nov-20
19,19°,10°,November,2020,Islamabad,19-Nov-20
20,20°,8°,November,2020,Islamabad,20-Nov-20
21,20°,6°,November,2020,Islamabad,21-Nov-20
22,17°,6°,November,2020,Islamabad,22-Nov-20
23,16°,7°,November,2020,Islamabad,23-Nov-20
24,17°,10°,November,2020,Islamabad,24-Nov-20
25,14°,11°,November,2020,Islamabad,25-Nov-20
26,18°,8°,November,2020,Islamabad,26-Nov-20
27,21°,7°,November,2020,Islamabad,27-Nov-20
28,23°,8°,November,2020,Islamabad,28-Nov-20
29,22°,7°,November,2020,Islamabad,29-Nov-20
30,23°,8°,November,2020,Islamabad,30-Nov-20
1,25°,9°,December,2020,Islamabad,01-Dec-20
2,25°,9°,December,2020,Islamabad,02-Dec-20
3,24°,8°,December,2020,Islamabad,03-Dec-20
4,22°,10°,December,2020,Islamabad,04-Dec-20
5,23°,9°,December,2020,Islamabad,05-Dec-20
6,23°,10°,December,2020,Islamabad,06-Dec-20
7,18°,12°,December,2020,Islamabad,07-Dec-20
8,15°,13°,December,2020,Islamabad,08-Dec-20
9,20°,10°,December,2020,Islamabad,09-Dec-20
10,21°,6°,December,2020,Islamabad,10-Dec-20
11,15°,11°,December,2020,Islamabad,11-Dec-20
12,14°,8°,December,2020,Islamabad,12-Dec-20
13,16°,3°,December,2020,Islamabad,13-Dec-20
14,17°,6°,December,2020,Islamabad,14-Dec-20
15,15°,7°,December,2020,Islamabad,15-Dec-20
16,15°,4°,December,2020,Islamabad,16-Dec-20
17,17°,3°,December,2020,Islamabad,17-Dec-20
18,17°,2°,December,2020,Islamabad,18-Dec-20
19,19°,3°,December,2020,Islamabad,19-Dec-20
20,20°,5°,December,2020,Islamabad,20-Dec-20
21,21°,5°,December,2020,Islamabad,21-Dec-20
22,21°,6°,December,2020,Islamabad,22-Dec-20
23,19°,5°,December,2020,Islamabad,23-Dec-20
24,19°,5°,December,2020,Islamabad,24-Dec-20
25,18°,4°,December,2020,Islamabad,25-Dec-20
26,20°,6°,December,2020,Islamabad,26-Dec-20
27,11°,5°,December,2020,Islamabad,27-Dec-20
28,14°,6°,December,2020,Islamabad,28-Dec-20
29,13°,5°,December,2020,Islamabad,29-Dec-20
30,18°,3°,December,2020,Islamabad,30-Dec-20
31,19°,4°,December,2020,Islamabad,31-Dec-20
1,20°,1°,January,2021,Islamabad,01-Jan-21
2,20°,4°,January,2021,Islamabad,02-Jan-21
3,18°,6°,January,2021,Islamabad,03-Jan-21
4,14°,8°,January,2021,Islamabad,04-Jan-21
5,13°,7°,January,2021,Islamabad,05-Jan-21
6,17°,6°,January,2021,Islamabad,06-Jan-21
7,18°,7°,January,2021,Islamabad,07-Jan-21
8,16°,6°,January,2021,Islamabad,08-Jan-21
9,17°,5°,January,2021,Islamabad,09-Jan-21
10,21°,5°,January,2021,Islamabad,10-Jan-21
11,19°,5°,January,2021,Islamabad,11-Jan-21
12,20°,3°,January,2021,Islamabad,12-Jan-21
13,17°,2°,January,2021,Islamabad,13-Jan-21
14,15°,2°,January,2021,Islamabad,14-Jan-21
15,18°,4°,January,2021,Islamabad,15-Jan-21
16,19°,5°,January,2021,Islamabad,16-Jan-21
17,12°,4°,January,2021,Islamabad,17-Jan-21
18,19°,3°,January,2021,Islamabad,18-Jan-21
19,21°,4°,January,2021,Islamabad,19-Jan-21
20,22°,6°,January,2021,Islamabad,20-Jan-21
21,23°,6°,January,2021,Islamabad,21-Jan-21
22,20°,6°,January,2021,Islamabad,22-Jan-21
23,13°,7°,January,2021,Islamabad,23-Jan-21
24,17°,3°,January,2021,Islamabad,24-Jan-21
25,20°,6°,January,2021,Islamabad,25-Jan-21
26,20°,5°,January,2021,Islamabad,26-Jan-21
27,20°,6°,January,2021,Islamabad,27-Jan-21
28,21°,8°,January,2021,Islamabad,28-Jan-21
29,20°,4°,January,2021,Islamabad,29-Jan-21
30,21°,4°,January,2021,Islamabad,30-Jan-21
31,20°,5°,January,2021,Islamabad,31-Jan-21
1,21°,6°,February,2021,Islamabad,01-Feb-21
2,20°,6°,February,2021,Islamabad,02-Feb-21
3,17°,8°,February,2021,Islamabad,03-Feb-21
4,18°,8°,February,2021,Islamabad,04-Feb-21
5,17°,6°,February,2021,Islamabad,05-Feb-21
6,20°,6°,February,2021,Islamabad,06-Feb-21
7,22°,7°,February,2021,Islamabad,07-Feb-21
8,24°,7°,February,2021,Islamabad,08-Feb-21
9,25°,8°,February,2021,Islamabad,09-Feb-21
10,25°,9°,February,2021,Islamabad,10-Feb-21
11,25°,8°,February,2021,Islamabad,11-Feb-21
12,25°,8°,February,2021,Islamabad,12-Feb-21
13,23°,13°,February,2021,Islamabad,13-Feb-21
14,23°,9°,February,2021,Islamabad,14-Feb-21
15,24°,10°,February,2021,Islamabad,15-Feb-21
16,26°,10°,February,2021,Islamabad,16-Feb-21
17,25°,11°,February,2021,Islamabad,17-Feb-21
18,25°,10°,February,2021,Islamabad,18-Feb-21
19,25°,11°,February,2021,Islamabad,19-Feb-21
20,23°,12°,February,2021,Islamabad,20-Feb-21
21,27°,10°,February,2021,Islamabad,21-Feb-21
22,25°,11°,February,2021,Islamabad,22-Feb-21
23,25°,14°,February,2021,Islamabad,23-Feb-21
24,27°,12°,February,2021,Islamabad,24-Feb-21
25,29°,16°,February,2021,Islamabad,25-Feb-21
26,26°,16°,February,2021,Islamabad,26-Feb-21
27,23°,15°,February,2021,Islamabad,27-Feb-21
28,25°,10°,February,2021,Islamabad,28-Feb-21
1,25°,10°,March,2021,Islamabad,01-Mar-21
2,27°,10°,March,2021,Islamabad,02-Mar-21
3,27°,10°,March,2021,Islamabad,03-Mar-21
4,28°,12°,March,2021,Islamabad,04-Mar-21
5,27°,13°,March,2021,Islamabad,05-Mar-21
6,22°,12°,March,2021,Islamabad,06-Mar-21
7,27°,14°,March,2021,Islamabad,07-Mar-21
8,23°,15°,March,2021,Islamabad,08-Mar-21
9,27°,12°,March,2021,Islamabad,09-Mar-21
10,27°,13°,March,2021,Islamabad,10-Mar-21
11,21°,15°,March,2021,Islamabad,11-Mar-21
12,21°,13°,March,2021,Islamabad,12-Mar-21
13,26°,14°,March,2021,Islamabad,13-Mar-21
14,21°,14°,March,2021,Islamabad,14-Mar-21
15,25°,12°,March,2021,Islamabad,15-Mar-21
16,26°,14°,March,2021,Islamabad,16-Mar-21
17,28°,15°,March,2021,Islamabad,17-Mar-21
18,29°,15°,March,2021,Islamabad,18-Mar-21
19,29°,15°,March,2021,Islamabad,19-Mar-21
20,30°,15°,March,2021,Islamabad,20-Mar-21
21,21°,15°,March,2021,Islamabad,21-Mar-21
22,16°,14°,March,2021,Islamabad,22-Mar-21
23,21°,13°,March,2021,Islamabad,23-Mar-21
24,23°,11°,March,2021,Islamabad,24-Mar-21
25,26°,12°,March,2021,Islamabad,25-Mar-21
26,29°,12°,March,2021,Islamabad,26-Mar-21
27,29°,15°,March,2021,Islamabad,27-Mar-21
28,31°,17°,March,2021,Islamabad,28-Mar-21
29,28°,21°,March,2021,Islamabad,29-Mar-21
30,30°,21°,March,2021,Islamabad,30-Mar-21
31,29°,13°,March,2021,Islamabad,31-Mar-21
1,28°,19°,April,2021,Islamabad,01-Apr-21
2,27°,17°,April,2021,Islamabad,02-Apr-21
3,29°,12°,April,2021,Islamabad,03-Apr-21
4,29°,14°,April,2021,Islamabad,04-Apr-21
5,28°,19°,April,2021,Islamabad,05-Apr-21
6,29°,16°,April,2021,Islamabad,06-Apr-21
7,26°,12°,April,2021,Islamabad,07-Apr-21
8,28°,13°,April,2021,Islamabad,08-Apr-21
9,30°,14°,April,2021,Islamabad,09-Apr-21
10,31°,18°,April,2021,Islamabad,10-Apr-21
11,31°,19°,April,2021,Islamabad,11-Apr-21
12,31°,18°,April,2021,Islamabad,12-Apr-21
13,32°,21°,April,2021,Islamabad,13-Apr-21
14,33°,21°,April,2021,Islamabad,14-Apr-21
15,26°,17°,April,2021,Islamabad,15-Apr-21
16,25°,18°,April,2021,Islamabad,16-Apr-21
17,23°,16°,April,2021,Islamabad,17-Apr-21
18,26°,13°,April,2021,Islamabad,18-Apr-21
19,29°,14°,April,2021,Islamabad,19-Apr-21
20,27°,16°,April,2021,Islamabad,20-Apr-21
21,28°,16°,April,2021,Islamabad,21-Apr-21
22,21°,15°,April,2021,Islamabad,22-Apr-21
23,26°,13°,April,2021,Islamabad,23-Apr-21
24,31°,13°,April,2021,Islamabad,24-Apr-21
25,34°,16°,April,2021,Islamabad,25-Apr-21
26,35°,19°,April,2021,Islamabad,26-Apr-21
27,37°,20°,April,2021,Islamabad,27-Apr-21
28,38°,20°,April,2021,Islamabad,28-Apr-21
29,37°,23°,April,2021,Islamabad,29-Apr-21
30,37°,23°,April,2021,Islamabad,30-Apr-21
1,38°,23°,May,2021,Islamabad,01-May-21
2,37°,23°,May,2021,Islamabad,02-May-21
3,37°,23°,May,2021,Islamabad,03-May-21
4,30°,24°,May,2021,Islamabad,04-May-21
5,38°,21°,May,2021,Islamabad,05-May-21
6,34°,20°,May,2021,Islamabad,06-May-21
7,32°,21°,May,2021,Islamabad,07-May-21
8,33°,20°,May,2021,Islamabad,08-May-21
9,32°,23°,May,2021,Islamabad,09-May-21
10,34°,20°,May,2021,Islamabad,10-May-21
11,30°,19°,May,2021,Islamabad,11-May-21
12,33°,21°,May,2021,Islamabad,12-May-21
13,29°,19°,May,2021,Islamabad,13-May-21
14,31°,13°,May,2021,Islamabad,14-May-21
15,31°,18°,May,2021,Islamabad,15-May-21
16,33°,22°,May,2021,Islamabad,16-May-21
17,34°,21°,May,2021,Islamabad,17-May-21
18,30°,22°,May,2021,Islamabad,18-May-21
19,36°,23°,May,2021,Islamabad,19-May-21
20,34°,22°,May,2021,Islamabad,20-May-21
21,34°,20°,May,2021,Islamabad,21-May-21
22,35°,22°,May,2021,Islamabad,22-May-21
23,31°,20°,May,2021,Islamabad,23-May-21
24,33°,21°,May,2021,Islamabad,24-May-21
25,36°,21°,May,2021,Islamabad,25-May-21
26,38°,20°,May,2021,Islamabad,26-May-21
27,40°,24°,May,2021,Islamabad,27-May-21
28,41°,24°,May,2021,Islamabad,28-May-21
29,42°,23°,May,2021,Islamabad,29-May-21
30,38°,25°,May,2021,Islamabad,30-May-21
31,38°,23°,May,2021,Islamabad,31-May-21
1,33°,14°,June,2021,Islamabad,01-Jun-21
2,36°,23°,June,2021,Islamabad,02-Jun-21
3,31°,20°,June,2021,Islamabad,03-Jun-21
4,36°,23°,June,2021,Islamabad,04-Jun-21
5,36°,27°,June,2021,Islamabad,05-Jun-21
6,38°,26°,June,2021,Islamabad,06-Jun-21
7,39°,28°,June,2021,Islamabad,07-Jun-21
8,42°,28°,June,2021,Islamabad,08-Jun-21
9,42°,29°,June,2021,Islamabad,09-Jun-21
10,44°,30°,June,2021,Islamabad,10-Jun-21
11,41°,25°,June,2021,Islamabad,11-Jun-21
12,39°,26°,June,2021,Islamabad,12-Jun-21
13,33°,17°,June,2021,Islamabad,13-Jun-21
14,36°,23°,June,2021,Islamabad,14-Jun-21
15,35°,20°,June,2021,Islamabad,15-Jun-21
16,33°,20°,June,2021,Islamabad,16-Jun-21
17,33°,20°,June,2021,Islamabad,17-Jun-21
18,37°,23°,June,2021,Islamabad,18-Jun-21
19,38°,24°,June,2021,Islamabad,19-Jun-21
20,35°,26°,June,2021,Islamabad,20-Jun-21
21,37°,23°,June,2021,Islamabad,21-Jun-21
22,39°,25°,June,2021,Islamabad,22-Jun-21
23,40°,26°,June,2021,Islamabad,23-Jun-21
24,38°,29°,June,2021,Islamabad,24-Jun-21
25,38°,23°,June,2021,Islamabad,25-Jun-21
26,34°,21°,June,2021,Islamabad,26-Jun-21
27,38°,25°,June,2021,Islamabad,27-Jun-21
28,39°,25°,June,2021,Islamabad,28-Jun-21
29,41°,26°,June,2021,Islamabad,29-Jun-21
30,42°,28°,June,2021,Islamabad,30-Jun-21
1,42°,29°,July,2021,Islamabad,01-Jul-21
2,41°,24°,July,2021,Islamabad,02-Jul-21
3,38°,23°,July,2021,Islamabad,03-Jul-21
4,39°,24°,July,2021,Islamabad,04-Jul-21
5,35°,24°,July,2021,Islamabad,05-Jul-21
6,39°,26°,July,2021,Islamabad,06-Jul-21
7,40°,27°,July,2021,Islamabad,07-Jul-21
8,40°,27°,July,2021,Islamabad,08-Jul-21
9,37°,30°,July,2021,Islamabad,09-Jul-21
10,35°,24°,July,2021,Islamabad,10-Jul-21
11,36°,29°,July,2021,Islamabad,11-Jul-21
12,31°,22°,July,2021,Islamabad,12-Jul-21
13,32°,22°,July,2021,Islamabad,13-Jul-21
14,33°,23°,July,2021,Islamabad,14-Jul-21
15,35°,24°,July,2021,Islamabad,15-Jul-21
16,35°,27°,July,2021,Islamabad,16-Jul-21
17,38°,29°,July,2021,Islamabad,17-Jul-21
18,39°,29°,July,2021,Islamabad,18-Jul-21
19,33°,22°,July,2021,Islamabad,19-Jul-21
20,29°,24°,July,2021,Islamabad,20-Jul-21
21,32°,26°,July,2021,Islamabad,21-Jul-21
22,35°,25°,July,2021,Islamabad,22-Jul-21
23,37°,26°,July,2021,Islamabad,23-Jul-21
24,38°,28°,July,2021,Islamabad,24-Jul-21
25,38°,28°,July,2021,Islamabad,25-Jul-21
26,31°,28°,July,2021,Islamabad,26-Jul-21
27,30°,28°,July,2021,Islamabad,27-Jul-21
28,30°,23°,July,2021,Islamabad,28-Jul-21
29,32°,24°,July,2021,Islamabad,29-Jul-21
30,30°,25°,July,2021,Islamabad,30-Jul-21
31,31°,24°,July,2021,Islamabad,31-Jul-21
1,34°,24°,August,2021,Islamabad,01-Aug-21
2,34°,23°,August,2021,Islamabad,02-Aug-21
3,36°,26°,August,2021,Islamabad,03-Aug-21
4,33°,25°,August,2021,Islamabad,04-Aug-21
5,35°,24°,August,2021,Islamabad,05-Aug-21
6,32°,24°,August,2021,Islamabad,06-Aug-21
7,36°,27°,August,2021,Islamabad,07-Aug-21
8,33°,27°,August,2021,Islamabad,08-Aug-21
9,34°,24°,August,2021,Islamabad,09-Aug-21
10,35°,25°,August,2021,Islamabad,10-Aug-21
11,35°,26°,August,2021,Islamabad,11-Aug-21
12,35°,26°,August,2021,Islamabad,12-Aug-21
13,37°,23°,August,2021,Islamabad,13-Aug-21
14,31°,23°,August,2021,Islamabad,14-Aug-21
15,32°,20°,August,2021,Islamabad,15-Aug-21
16,35°,22°,August,2021,Islamabad,16-Aug-21
17,35°,23°,August,2021,Islamabad,17-Aug-21
18,38°,25°,August,2021,Islamabad,18-Aug-21
19,38°,25°,August,2021,Islamabad,19-Aug-21
20,37°,25°,August,2021,Islamabad,20-Aug-21
21,34°,23°,August,2021,Islamabad,21-Aug-21
22,34°,25°,August,2021,Islamabad,22-Aug-21
23,36°,26°,August,2021,Islamabad,23-Aug-21
24,37°,29°,August,2021,Islamabad,24-Aug-21
25,37°,27°,August,2021,Islamabad,25-Aug-21
26,37°,28°,August,2021,Islamabad,26-Aug-21
27,36°,28°,August,2021,Islamabad,27-Aug-21
28,32°,22°,August,2021,Islamabad,28-Aug-21
29,31°,22°,August,2021,Islamabad,29-Aug-21
30,32°,24°,August,2021,Islamabad,30-Aug-21
31,31°,20°,August,2021,Islamabad,31-Aug-21
1,34°,23°,September,2021,Islamabad,01-Sep-21
2,35°,23°,September,2021,Islamabad,02-Sep-21
3,36°,24°,September,2021,Islamabad,03-Sep-21
4,34°,23°,September,2021,Islamabad,04-Sep-21
5,35°,25°,September,2021,Islamabad,05-Sep-21
6,37°,26°,September,2021,Islamabad,06-Sep-21
7,35°,24°,September,2021,Islamabad,07-Sep-21
8,29°,23°,September,2021,Islamabad,08-Sep-21
9,31°,24°,September,2021,Islamabad,09-Sep-21
10,31°,24°,September,2021,Islamabad,10-Sep-21
11,30°,23°,September,2021,Islamabad,11-Sep-21
12,32°,23°,September,2021,Islamabad,12-Sep-21
13,34°,24°,September,2021,Islamabad,13-Sep-21
14,34°,24°,September,2021,Islamabad,14-Sep-21
15,35°,28°,September,2021,Islamabad,15-Sep-21
16,35°,25°,September,2021,Islamabad,16-Sep-21
17,31°,25°,September,2021,Islamabad,17-Sep-21
18,33°,26°,September,2021,Islamabad,18-Sep-21
19,35°,27°,September,2021,Islamabad,19-Sep-21
20,34°,23°,September,2021,Islamabad,20-Sep-21
21,30°,22°,September,2021,Islamabad,21-Sep-21
22,31°,23°,September,2021,Islamabad,22-Sep-21
23,31°,20°,September,2021,Islamabad,23-Sep-21
24,33°,23°,September,2021,Islamabad,24-Sep-21
25,33°,27°,September,2021,Islamabad,25-Sep-21
26,33°,24°,September,2021,Islamabad,26-Sep-21
27,34°,26°,September,2021,Islamabad,27-Sep-21
28,35°,26°,September,2021,Islamabad,28-Sep-21
29,34°,25°,September,2021,Islamabad,29-Sep-21
30,33°,25°,September,2021,Islamabad,30-Sep-21
1,32°,25°,October ,2021,Islamabad,01-Oct-21
2,31°,18°,October ,2021,Islamabad,02-Oct-21
3,32°,19°,October ,2021,Islamabad,03-Oct-21
4,32°,24°,October ,2021,Islamabad,04-Oct-21
5,32°,20°,October ,2021,Islamabad,05-Oct-21
6,32°,20°,October ,2021,Islamabad,06-Oct-21
7,33°,19°,October ,2021,Islamabad,07-Oct-21
8,32°,22°,October ,2021,Islamabad,08-Oct-21
9,33°,22°,October ,2021,Islamabad,09-Oct-21
10,31°,21°,October ,2021,Islamabad,10-Oct-21
11,30°,20°,October ,2021,Islamabad,11-Oct-21
12,31°,20°,October ,2021,Islamabad,12-Oct-21
13,30°,20°,October ,2021,Islamabad,13-Oct-21
14,31°,17°,October ,2021,Islamabad,14-Oct-21
15,33°,18°,October ,2021,Islamabad,15-Oct-21
16,32°,19°,October ,2021,Islamabad,16-Oct-21
17,28°,21°,October ,2021,Islamabad,17-Oct-21
18,27°,17°,October ,2021,Islamabad,18-Oct-21
19,29°,16°,October ,2021,Islamabad,19-Oct-21
20,31°,19°,October ,2021,Islamabad,20-Oct-21
21,30°,17°,October ,2021,Islamabad,21-Oct-21
22,28°,17°,October ,2021,Islamabad,22-Oct-21
23,25°,16°,October ,2021,Islamabad,23-Oct-21
24,20°,14°,October ,2021,Islamabad,24-Oct-21
25,23°,13°,October ,2021,Islamabad,25-Oct-21
26,24°,11°,October ,2021,Islamabad,26-Oct-21
27,26°,16°,October ,2021,Islamabad,27-Oct-21
28,26°,13°,October ,2021,Islamabad,28-Oct-21
29,27°,13°,October ,2021,Islamabad,29-Oct-21
30,27°,13°,October ,2021,Islamabad,30-Oct-21
31,26°,12°,October ,2021,Islamabad,31-Oct-21
1,25°,14°,November,2021,Islamabad,01-Nov-21
2,25°,14°,November,2021,Islamabad,02-Nov-21
3,25°,13°,November,2021,Islamabad,03-Nov-21
4,26°,13°,November,2021,Islamabad,04-Nov-21
5,23°,15°,November,2021,Islamabad,05-Nov-21
6,25°,12°,November,2021,Islamabad,06-Nov-21
7,26°,11°,November,2021,Islamabad,07-Nov-21
8,26°,11°,November,2021,Islamabad,08-Nov-21
9,27°,14°,November,2021,Islamabad,09-Nov-21
10,27°,13°,November,2021,Islamabad,10-Nov-21
11,27°,11°,November,2021,Islamabad,11-Nov-21
12,26°,11°,November,2021,Islamabad,12-Nov-21
13,26°,11°,November,2021,Islamabad,13-Nov-21
14,25°,10°,November,2021,Islamabad,14-Nov-21
15,24°,12°,November,2021,Islamabad,15-Nov-21
16,23°,8°,November,2021,Islamabad,16-Nov-21
17,24°,8°,November,2021,Islamabad,17-Nov-21
18,24°,10°,November,2021,Islamabad,18-Nov-21
19,24°,8°,November,2021,Islamabad,19-Nov-21
20,24°,9°,November,2021,Islamabad,20-Nov-21
21,24°,9°,November,2021,Islamabad,21-Nov-21
22,25°,7°,November,2021,Islamabad,22-Nov-21
23,24°,8°,November,2021,Islamabad,23-Nov-21
24,24°,10°,November,2021,Islamabad,24-Nov-21
25,23°,9°,November,2021,Islamabad,25-Nov-21
26,23°,9°,November,2021,Islamabad,26-Nov-21
27,23°,11°,November,2021,Islamabad,27-Nov-21
28,22°,10°,November,2021,Islamabad,28-Nov-21
29,23°,9°,November,2021,Islamabad,29-Nov-21
30,23°,8°,November,2021,Islamabad,30-Nov-21
1,22°,8°,December,2021,Islamabad,01-Dec-21
2,22°,12°,December,2021,Islamabad,02-Dec-21
3,22°,8°,December,2021,Islamabad,03-Dec-21
4,23°,9°,December,2021,Islamabad,04-Dec-21
5,18°,10°,December,2021,Islamabad,05-Dec-21
6,20°,10°,December,2021,Islamabad,06-Dec-21
7,21°,6°,December,2021,Islamabad,07-Dec-21
8,22°,7°,December,2021,Islamabad,08-Dec-21
9,22°,8°,December,2021,Islamabad,09-Dec-21
10,22°,7°,December,2021,Islamabad,10-Dec-21
11,21°,5°,December,2021,Islamabad,11-Dec-21
12,19°,5°,December,2021,Islamabad,12-Dec-21
13,19°,6°,December,2021,Islamabad,13-Dec-21
14,17°,5°,December,2021,Islamabad,14-Dec-21
15,17°,4°,December,2021,Islamabad,15-Dec-21
16,17°,3°,December,2021,Islamabad,16-Dec-21
17,17°,2°,December,2021,Islamabad,17-Dec-21
18,17°,2°,December,2021,Islamabad,18-Dec-21
19,18°,4°,December,2021,Islamabad,19-Dec-21
20,18°,6°,December,2021,Islamabad,20-Dec-21
21,19°,6°,December,2021,Islamabad,21-Dec-21
22,20°,8°,December,2021,Islamabad,22-Dec-21
23,19°,9°,December,2021,Islamabad,23-Dec-21
24,19°,8°,December,2021,Islamabad,24-Dec-21
25,19°,8°,December,2021,Islamabad,25-Dec-21
26,18°,8°,December,2021,Islamabad,26-Dec-21
27,17°,2°,December,2021,Islamabad,27-Dec-21
28,16°,5°,December,2021,Islamabad,28-Dec-21
29,16°,5°,December,2021,Islamabad,29-Dec-21
30,16°,3°,December,2021,Islamabad,30-Dec-21
31,16°,2°,December,2021,Islamabad,31-Dec-21
1,16°,1°,January,2022,Islamabad,01-Jan-22
2,16°,1°,January,2022,Islamabad,02-Jan-22
3,17°,2°,January,2022,Islamabad,03-Jan-22
4,16°,1°,January,2022,Islamabad,04-Jan-22
5,16°,1°,January,2022,Islamabad,05-Jan-22
6,16°,1°,January,2022,Islamabad,06-Jan-22
7,16°,1°,January,2022,Islamabad,07-Jan-22
8,16°,1°,January,2022,Islamabad,08-Jan-22
9,21°,5°,January,2022,Islamabad,09-Jan-22
10,21°,4°,January,2022,Islamabad,10-Jan-22
11,20°,3°,January,2022,Islamabad,11-Jan-22
12,20°,3°,January,2022,Islamabad,12-Jan-22
13,20°,4°,January,2022,Islamabad,13-Jan-22
14,19°,5°,January,2022,Islamabad,14-Jan-22
15,19°,5°,January,2022,Islamabad,15-Jan-22
16,20°,4°,January,2022,Islamabad,16-Jan-22
17,19°,3°,January,2022,Islamabad,17-Jan-22
18,19°,1°,January,2022,Islamabad,18-Jan-22
19,17°,1°,January,2022,Islamabad,19-Jan-22
20,17°,2°,January,2022,Islamabad,20-Jan-22
21,18°,3°,January,2022,Islamabad,21-Jan-22
22,18°,3°,January,2022,Islamabad,22-Jan-22
23,18°,4°,January,2022,Islamabad,23-Jan-22
24,18°,3°,January,2022,Islamabad,24-Jan-22
25,19°,4°,January,2022,Islamabad,25-Jan-22
26,19°,4°,January,2022,Islamabad,26-Jan-22
27,20°,3°,January,2022,Islamabad,27-Jan-22
28,20°,3°,January,2022,Islamabad,28-Jan-22
29,20°,3°,January,2022,Islamabad,29-Jan-22
30,21°,3°,January,2022,Islamabad,30-Jan-22
31,21°,3°,January,2022,Islamabad,31-Jan-22
1,20°,4°,February,2022,Islamabad,01-Feb-22
2,20°,5°,February,2022,Islamabad,02-Feb-22
3,20°,5°,February,2022,Islamabad,03-Feb-22
4,20°,7°,February,2022,Islamabad,04-Feb-22
5,20°,7°,February,2022,Islamabad,05-Feb-22
6,18°,3°,February,2022,Islamabad,06-Feb-22
7,18°,3°,February,2022,Islamabad,07-Feb-22
8,18°,4°,February,2022,Islamabad,08-Feb-22
9,18°,3°,February,2022,Islamabad,09-Feb-22
10,18°,4°,February,2022,Islamabad,10-Feb-22
11,18°,3°,February,2022,Islamabad,11-Feb-22
12,18°,3°,February,2022,Islamabad,12-Feb-22
13,19°,4°,February,2022,Islamabad,13-Feb-22
14,19°,7°,February,2022,Islamabad,14-Feb-22
15,21°,8°,February,2022,Islamabad,15-Feb-22
16,20°,7°,February,2022,Islamabad,16-Feb-22
17,22°,8°,February,2022,Islamabad,17-Feb-22
18,22°,9°,February,2022,Islamabad,18-Feb-22
19,22°,8°,February,2022,Islamabad,19-Feb-22
20,22°,9°,February,2022,Islamabad,20-Feb-22
21,22°,7°,February,2022,Islamabad,21-Feb-22
22,20°,7°,February,2022,Islamabad,22-Feb-22
23,20°,6°,February,2022,Islamabad,23-Feb-22
24,20°,6°,February,2022,Islamabad,24-Feb-22
25,21°,7°,February,2022,Islamabad,25-Feb-22
26,20°,9°,February,2022,Islamabad,26-Feb-22
27,23°,9°,February,2022,Islamabad,27-Feb-22
28,21°,9°,February,2022,Islamabad,28-Feb-22
1,20°,8°,March,2022,Islamabad,01-Mar-22
2,20°,6°,March,2022,Islamabad,02-Mar-22
3,22°,8°,March,2022,Islamabad,03-Mar-22
4,22°,10°,March,2022,Islamabad,04-Mar-22
5,23°,8°,March,2022,Islamabad,05-Mar-22
6,21°,9°,March,2022,Islamabad,06-Mar-22
7,23°,10°,March,2022,Islamabad,07-Mar-22
8,22°,8°,March,2022,Islamabad,08-Mar-22
9,22°,8°,March,2022,Islamabad,09-Mar-22
10,23°,8°,March,2022,Islamabad,10-Mar-22
11,22°,9°,March,2022,Islamabad,11-Mar-22
12,23°,9°,March,2022,Islamabad,12-Mar-22
13,25°,10°,March,2022,Islamabad,13-Mar-22
14,22°,10°,March,2022,Islamabad,14-Mar-22
15,22°,10°,March,2022,Islamabad,15-Mar-22
16,22°,10°,March,2022,Islamabad,16-Mar-22
17,23°,10°,March,2022,Islamabad,17-Mar-22
18,23°,11°,March,2022,Islamabad,18-Mar-22
19,23°,11°,March,2022,Islamabad,19-Mar-22
20,23°,11°,March,2022,Islamabad,20-Mar-22
21,23°,11°,March,2022,Islamabad,21-Mar-22
22,24°,11°,March,2022,Islamabad,22-Mar-22
23,24°,11°,March,2022,Islamabad,23-Mar-22
24,24°,11°,March,2022,Islamabad,24-Mar-22
25,24°,12°,March,2022,Islamabad,25-Mar-22
26,24°,12°,March,2022,Islamabad,26-Mar-22
27,25°,12°,March,2022,Islamabad,27-Mar-22
28,25°,12°,March,2022,Islamabad,28-Mar-22
29,25°,12°,March,2022,Islamabad,29-Mar-22
30,25°,12°,March,2022,Islamabad,30-Mar-22
31,25°,12°,March,2022,Islamabad,31-Mar-22
1,26°,13°,April,2022,Islamabad,01-Apr-22
2,26°,13°,April,2022,Islamabad,02-Apr-22
3,26°,13°,April,2022,Islamabad,03-Apr-22
4,26°,13°,April,2022,Islamabad,04-Apr-22
5,27°,13°,April,2022,Islamabad,05-Apr-22
6,27°,13°,April,2022,Islamabad,06-Apr-22
7,27°,13°,April,2022,Islamabad,07-Apr-22
8,27°,14°,April,2022,Islamabad,08-Apr-22
9,27°,14°,April,2022,Islamabad,09-Apr-22
10,28°,14°,April,2022,Islamabad,10-Apr-22
11,28°,14°,April,2022,Islamabad,11-Apr-22
12,28°,14°,April,2022,Islamabad,12-Apr-22
13,28°,14°,April,2022,Islamabad,13-Apr-22
14,28°,14°,April,2022,Islamabad,14-Apr-22
15,29°,15°,April,2022,Islamabad,15-Apr-22
16,29°,15°,April,2022,Islamabad,16-Apr-22
17,29°,15°,April,2022,Islamabad,17-Apr-22
18,29°,15°,April,2022,Islamabad,18-Apr-22
19,29°,15°,April,2022,Islamabad,19-Apr-22
20,30°,15°,April,2022,Islamabad,20-Apr-22
21,30°,16°,April,2022,Islamabad,21-Apr-22
22,30°,16°,April,2022,Islamabad,22-Apr-22
23,30°,16°,April,2022,Islamabad,23-Apr-22
24,30°,16°,April,2022,Islamabad,24-Apr-22
25,30°,16°,April,2022,Islamabad,25-Apr-22
26,31°,16°,April,2022,Islamabad,26-Apr-22
27,31°,16°,April,2022,Islamabad,27-Apr-22
28,31°,17°,April,2022,Islamabad,28-Apr-22
29,31°,17°,April,2022,Islamabad,29-Apr-22
30,31°,17°,April,2022,Islamabad,30-Apr-22
1,31°,17°,May,2022,Islamabad,01-May-22
2,32°,17°,May,2022,Islamabad,02-May-22
3,32°,17°,May,2022,Islamabad,03-May-22
4,32°,17°,May,2022,Islamabad,04-May-22
5,32°,18°,May,2022,Islamabad,05-May-22
6,32°,18°,May,2022,Islamabad,06-May-22
7,32°,18°,May,2022,Islamabad,07-May-22
8,33°,18°,May,2022,Islamabad,08-May-22
9,33°,18°,May,2022,Islamabad,09-May-22
10,33°,18°,May,2022,Islamabad,10-May-22
11,33°,18°,May,2022,Islamabad,11-May-22
12,33°,19°,May,2022,Islamabad,12-May-22
13,34°,19°,May,2022,Islamabad,13-May-22
14,34°,19°,May,2022,Islamabad,14-May-22
15,34°,19°,May,2022,Islamabad,15-May-22
16,34°,19°,May,2022,Islamabad,16-May-22
17,34°,19°,May,2022,Islamabad,17-May-22
18,35°,19°,May,2022,Islamabad,18-May-22
19,35°,19°,May,2022,Islamabad,19-May-22
20,35°,20°,May,2022,Islamabad,20-May-22
21,35°,20°,May,2022,Islamabad,21-May-22
22,35°,20°,May,2022,Islamabad,22-May-22
23,35°,20°,May,2022,Islamabad,23-May-22
24,36°,20°,May,2022,Islamabad,24-May-22
25,36°,20°,May,2022,Islamabad,25-May-22
26,36°,20°,May,2022,Islamabad,26-May-22
27,36°,20°,May,2022,Islamabad,27-May-22
28,36°,21°,May,2022,Islamabad,28-May-22
29,37°,21°,May,2022,Islamabad,29-May-22
30,37°,21°,May,2022,Islamabad,30-May-22
31,37°,21°,May,2022,Islamabad,31-May-22
1,37°,21°,June,2022,Islamabad,01-Jun-22
2,37°,21°,June,2022,Islamabad,02-Jun-22
3,37°,21°,June,2022,Islamabad,03-Jun-22
4,37°,21°,June,2022,Islamabad,04-Jun-22
5,37°,21°,June,2022,Islamabad,05-Jun-22
6,38°,22°,June,2022,Islamabad,06-Jun-22
7,38°,22°,June,2022,Islamabad,07-Jun-22
8,38°,22°,June,2022,Islamabad,08-Jun-22
9,38°,22°,June,2022,Islamabad,09-Jun-22
10,38°,22°,June,2022,Islamabad,10-Jun-22
11,38°,22°,June,2022,Islamabad,11-Jun-22
12,38°,22°,June,2022,Islamabad,12-Jun-22
13,38°,22°,June,2022,Islamabad,13-Jun-22
14,38°,22°,June,2022,Islamabad,14-Jun-22
15,38°,22°,June,2022,Islamabad,15-Jun-22
16,38°,22°,June,2022,Islamabad,16-Jun-22
17,38°,22°,June,2022,Islamabad,17-Jun-22
18,38°,23°,June,2022,Islamabad,18-Jun-22
19,38°,23°,June,2022,Islamabad,19-Jun-22
20,37°,23°,June,2022,Islamabad,20-Jun-22
21,37°,23°,June,2022,Islamabad,21-Jun-22
22,37°,23°,June,2022,Islamabad,22-Jun-22
23,37°,23°,June,2022,Islamabad,23-Jun-22
24,37°,23°,June,2022,Islamabad,24-Jun-22
25,37°,23°,June,2022,Islamabad,25-Jun-22
26,37°,23°,June,2022,Islamabad,26-Jun-22
27,36°,23°,June,2022,Islamabad,27-Jun-22
28,36°,23°,June,2022,Islamabad,28-Jun-22
29,36°,23°,June,2022,Islamabad,29-Jun-22
30,36°,23°,June,2022,Islamabad,30-Jun-22
1,36°,23°,July,2022,Islamabad,01-Jul-22
2,36°,23°,July,2022,Islamabad,02-Jul-22
3,35°,23°,July,2022,Islamabad,03-Jul-22
4,35°,23°,July,2022,Islamabad,04-Jul-22
5,35°,23°,July,2022,Islamabad,05-Jul-22
6,35°,23°,July,2022,Islamabad,06-Jul-22
7,35°,23°,July,2022,Islamabad,07-Jul-22
8,34°,23°,July,2022,Islamabad,08-Jul-22
9,34°,23°,July,2022,Islamabad,09-Jul-22
10,34°,23°,July,2022,Islamabad,10-Jul-22
11,34°,23°,July,2022,Islamabad,11-Jul-22
12,34°,23°,July,2022,Islamabad,12-Jul-22
13,34°,23°,July,2022,Islamabad,13-Jul-22
14,34°,24°,July,2022,Islamabad,14-Jul-22
15,33°,24°,July,2022,Islamabad,15-Jul-22
16,33°,24°,July,2022,Islamabad,16-Jul-22
17,33°,24°,July,2022,Islamabad,17-Jul-22
18,33°,24°,July,2022,Islamabad,18-Jul-22
19,33°,24°,July,2022,Islamabad,19-Jul-22
20,33°,24°,July,2022,Islamabad,20-Jul-22
21,33°,24°,July,2022,Islamabad,21-Jul-22
22,33°,24°,July,2022,Islamabad,22-Jul-22
23,33°,23°,July,2022,Islamabad,23-Jul-22
24,33°,23°,July,2022,Islamabad,24-Jul-22
25,32°,23°,July,2022,Islamabad,25-Jul-22
26,32°,23°,July,2022,Islamabad,26-Jul-22
27,32°,23°,July,2022,Islamabad,27-Jul-22
28,32°,23°,July,2022,Islamabad,28-Jul-22
29,32°,23°,July,2022,Islamabad,29-Jul-22
30,32°,23°,July,2022,Islamabad,30-Jul-22
31,32°,23°,July,2022,Islamabad,31-Jul-22
1,,23°,August,2022,Islamabad,01-Aug-22
2,,23°,August,2022,Islamabad,02-Aug-22
3,,23°,August,2022,Islamabad,03-Aug-22
4,,23°,August,2022,Islamabad,04-Aug-22
5,,23°,August,2022,Islamabad,05-Aug-22
6,,23°,August,2022,Islamabad,06-Aug-22
7,,23°,August,2022,Islamabad,07-Aug-22
8,,23°,August,2022,Islamabad,08-Aug-22
9,,23°,August,2022,Islamabad,09-Aug-22
10,,23°,August,2022,Islamabad,10-Aug-22
11,,23°,August,2022,Islamabad,11-Aug-22
12,,23°,August,2022,Islamabad,12-Aug-22
13,,23°,August,2022,Islamabad,13-Aug-22
14,,23°,August,2022,Islamabad,14-Aug-22
15,,23°,August,2022,Islamabad,15-Aug-22
16,,23°,August,2022,Islamabad,16-Aug-22
17,,23°,August,2022,Islamabad,17-Aug-22
18,,23°,August,2022,Islamabad,18-Aug-22
19,,23°,August,2022,Islamabad,19-Aug-22
20,,23°,August,2022,Islamabad,20-Aug-22
21,,23°,August,2022,Islamabad,21-Aug-22
22,,22°,August,2022,Islamabad,22-Aug-22
23,,22°,August,2022,Islamabad,23-Aug-22
24,,22°,August,2022,Islamabad,24-Aug-22
25,,22°,August,2022,Islamabad,25-Aug-22
26,,22°,August,2022,Islamabad,26-Aug-22
27,,22°,August,2022,Islamabad,27-Aug-22
28,,22°,August,2022,Islamabad,28-Aug-22
29,,22°,August,2022,Islamabad,29-Aug-22
30,,22°,August,2022,Islamabad,30-Aug-22
31,,22°,August,2022,Islamabad,31-Aug-22
1,32°,22°,September,2022,Islamabad,01-Sep-22
2,32°,22°,September,2022,Islamabad,02-Sep-22
3,32°,21°,September,2022,Islamabad,03-Sep-22
4,32°,21°,September,2022,Islamabad,04-Sep-22
5,32°,21°,September,2022,Islamabad,05-Sep-22
6,32°,21°,September,2022,Islamabad,06-Sep-22
7,32°,21°,September,2022,Islamabad,07-Sep-22
8,32°,21°,September,2022,Islamabad,08-Sep-22
9,32°,21°,September,2022,Islamabad,09-Sep-22
10,32°,21°,September,2022,Islamabad,10-Sep-22
11,32°,21°,September,2022,Islamabad,11-Sep-22
12,32°,20°,September,2022,Islamabad,12-Sep-22
13,32°,20°,September,2022,Islamabad,13-Sep-22
14,32°,20°,September,2022,Islamabad,14-Sep-22
15,32°,20°,September,2022,Islamabad,15-Sep-22
16,32°,20°,September,2022,Islamabad,16-Sep-22
17,32°,20°,September,2022,Islamabad,17-Sep-22
18,32°,19°,September,2022,Islamabad,18-Sep-22
19,32°,19°,September,2022,Islamabad,19-Sep-22
20,32°,19°,September,2022,Islamabad,20-Sep-22
21,32°,19°,September,2022,Islamabad,21-Sep-22
22,32°,19°,September,2022,Islamabad,22-Sep-22
23,32°,18°,September,2022,Islamabad,23-Sep-22
24,32°,18°,September,2022,Islamabad,24-Sep-22
25,32°,18°,September,2022,Islamabad,25-Sep-22
26,32°,18°,September,2022,Islamabad,26-Sep-22
27,31°,18°,September,2022,Islamabad,27-Sep-22
28,31°,17°,September,2022,Islamabad,28-Sep-22
29,31°,17°,September,2022,Islamabad,29-Sep-22
30,31°,17°,September,2022,Islamabad,30-Sep-22
1,31°,17°,October ,2022,Islamabad,01-Oct-22
2,31°,16°,October ,2022,Islamabad,02-Oct-22
3,31°,16°,October ,2022,Islamabad,03-Oct-22
4,31°,16°,October ,2022,Islamabad,04-Oct-22
5,31°,16°,October ,2022,Islamabad,05-Oct-22
6,31°,15°,October ,2022,Islamabad,06-Oct-22
7,30°,15°,October ,2022,Islamabad,07-Oct-22
8,30°,15°,October ,2022,Islamabad,08-Oct-22
9,30°,15°,October ,2022,Islamabad,09-Oct-22
10,30°,15°,October ,2022,Islamabad,10-Oct-22
11,30°,14°,October ,2022,Islamabad,11-Oct-22
12,30°,14°,October ,2022,Islamabad,12-Oct-22
13,30°,14°,October ,2022,Islamabad,13-Oct-22
14,30°,14°,October ,2022,Islamabad,14-Oct-22
15,29°,13°,October ,2022,Islamabad,15-Oct-22
16,29°,13°,October ,2022,Islamabad,16-Oct-22
17,29°,13°,October ,2022,Islamabad,17-Oct-22
18,29°,13°,October ,2022,Islamabad,18-Oct-22
19,29°,13°,October ,2022,Islamabad,19-Oct-22
20,29°,12°,October ,2022,Islamabad,20-Oct-22
21,29°,12°,October ,2022,Islamabad,21-Oct-22
22,29°,12°,October ,2022,Islamabad,22-Oct-22
23,28°,12°,October ,2022,Islamabad,23-Oct-22
24,28°,11°,October ,2022,Islamabad,24-Oct-22
25,28°,11°,October ,2022,Islamabad,25-Oct-22
26,28°,11°,October ,2022,Islamabad,26-Oct-22
27,28°,11°,October ,2022,Islamabad,27-Oct-22
28,28°,11°,October ,2022,Islamabad,28-Oct-22
29,28°,10°,October ,2022,Islamabad,29-Oct-22
30,27°,10°,October ,2022,Islamabad,30-Oct-22
31,27°,10°,October ,2022,Islamabad,31-Oct-22
1,27°,10°,November,2022,Islamabad,01-Nov-22
2,27°,10°,November,2022,Islamabad,02-Nov-22
3,27°,10°,November,2022,Islamabad,03-Nov-22
4,27°,9°,November,2022,Islamabad,04-Nov-22
5,27°,9°,November,2022,Islamabad,05-Nov-22
6,26°,9°,November,2022,Islamabad,06-Nov-22
7,26°,9°,November,2022,Islamabad,07-Nov-22
8,26°,9°,November,2022,Islamabad,08-Nov-22
9,26°,9°,November,2022,Islamabad,09-Nov-22
10,26°,8°,November,2022,Islamabad,10-Nov-22
11,26°,8°,November,2022,Islamabad,11-Nov-22
12,25°,8°,November,2022,Islamabad,12-Nov-22
13,25°,8°,November,2022,Islamabad,13-Nov-22
14,25°,8°,November,2022,Islamabad,14-Nov-22
15,25°,8°,November,2022,Islamabad,15-Nov-22
16,25°,8°,November,2022,Islamabad,16-Nov-22
17,25°,7°,November,2022,Islamabad,17-Nov-22
18,24°,7°,November,2022,Islamabad,18-Nov-22
19,24°,7°,November,2022,Islamabad,19-Nov-22
20,24°,7°,November,2022,Islamabad,20-Nov-22
21,24°,7°,November,2022,Islamabad,21-Nov-22
22,24°,7°,November,2022,Islamabad,22-Nov-22
23,23°,7°,November,2022,Islamabad,23-Nov-22
24,23°,7°,November,2022,Islamabad,24-Nov-22
25,23°,7°,November,2022,Islamabad,25-Nov-22
26,23°,6°,November,2022,Islamabad,26-Nov-22
27,23°,6°,November,2022,Islamabad,27-Nov-22
28,22°,6°,November,2022,Islamabad,28-Nov-22
29,22°,6°,November,2022,Islamabad,29-Nov-22
30,22°,6°,November,2022,Islamabad,30-Nov-22
1,22°,6°,December,2022,Islamabad,01-Dec-22
2,22°,6°,December,2022,Islamabad,02-Dec-22
3,21°,6°,December,2022,Islamabad,03-Dec-22
4,21°,6°,December,2022,Islamabad,04-Dec-22
5,21°,6°,December,2022,Islamabad,05-Dec-22
6,21°,6°,December,2022,Islamabad,06-Dec-22
7,21°,6°,December,2022,Islamabad,07-Dec-22
8,21°,5°,December,2022,Islamabad,08-Dec-22
9,20°,5°,December,2022,Islamabad,09-Dec-22
10,20°,5°,December,2022,Islamabad,10-Dec-22
11,20°,5°,December,2022,Islamabad,11-Dec-22
12,20°,5°,December,2022,Islamabad,12-Dec-22
13,20°,5°,December,2022,Islamabad,13-Dec-22
14,20°,5°,December,2022,Islamabad,14-Dec-22
15,19°,5°,December,2022,Islamabad,15-Dec-22
16,19°,5°,December,2022,Islamabad,16-Dec-22
17,19°,5°,December,2022,Islamabad,17-Dec-22
18,19°,5°,December,2022,Islamabad,18-Dec-22
19,19°,5°,December,2022,Islamabad,19-Dec-22
20,19°,5°,December,2022,Islamabad,20-Dec-22
21,19°,5°,December,2022,Islamabad,21-Dec-22
22,19°,5°,December,2022,Islamabad,22-Dec-22
23,19°,5°,December,2022,Islamabad,23-Dec-22
24,18°,5°,December,2022,Islamabad,24-Dec-22
25,18°,5°,December,2022,Islamabad,25-Dec-22
26,18°,5°,December,2022,Islamabad,26-Dec-22
27,18°,5°,December,2022,Islamabad,27-Dec-22
28,18°,4°,December,2022,Islamabad,28-Dec-22
29,18°,4°,December,2022,Islamabad,29-Dec-22
30,18°,4°,December,2022,Islamabad,30-Dec-22
31,18°,4°,December,2022,Islamabad,31-Dec-22
